{"cameraMode":{"drawMode":0,"name":"Shaded","section":"Shading Mode"},"sceneLighting":true,"audioPlay":false,"sceneViewState":{"showFog":true,"showMaterialUpdate":false,"showSkybox":true,"showFlares":true,"showImageEffects":true,"showParticleSystems":true},"in2DMode":false,"pivot":{"x":3.999999523162842,"y":-0.31688180565834048,"z":4.100000381469727},"rotation":{"x":-0.12086017429828644,"y":0.5900648236274719,"z":-0.08990904688835144,"w":-0.7931838631629944},"size":7.397459030151367,"orthographic":false}